<?xml version="1.0" encoding="UTF-8"?>
<config>
    <nav>
        <home>
            <label>Home</label>
            <controller>index</controller>
            <action>index</action>
            <uri>/</uri>
        </home>
        <noticia>
            <label>Categorias</label>
            <controller>index</controller>
            <action>categorias</action>
        </noticia>
        <adm-prato>
            <label>Adm/Prato</label>
            <controller>prato</controller>
            <action>index</action>
            <resource>prato</resource>
            <privilege>index</privilege>
            <pages>
                <adm-prato-create>
                    <label>Novo</label>
                    <controller>prato</controller>
                    <action>create</action>
                    <resource>prato</resource>
                    <privilege>create</privilege>
                </adm-prato-create>
            </pages>
        </adm-prato>
        <adm-categoria>
            <label>Adm/Categoria</label>
            <controller>categoria</controller>
            <action>index</action>
            <resource>categoria</resource>
            <privilege>index</privilege>
            <pages>
                <adm-categoria-create>
                    <label>Novo</label>
                    <controller>categoria</controller>
                    <action>create</action>
                    <resource>categoria</resource>
                    <privilege>create</privilege>
                </adm-categoria-create>
            </pages>
        </adm-categoria>
        <adm-usuario>
            <label>Adm/Usuário</label>
            <controller>usuario</controller>
            <action>index</action>
            <resource>usuario</resource>
            <privilege>index</privilege>
            <pages>
                <adm-usuario-create>
                    <label>Novo</label>
                    <controller>usuario</controller>
                    <action>create</action>
                    <resource>usuario</resource>
                    <privilege>create</privilege>
                </adm-usuario-create>
            </pages>
        </adm-usuario>
        <login>
            <label>Login</label>
            <controller>login</controller>
            <action>index</action>
            <resource>login</resource>
            <privilege>index</privilege>
        </login>
        <logout>
            <label>Logout</label>
            <controller>login</controller>
            <action>logout</action>
            <resource>login</resource>
            <privilege>logout</privilege>
        </logout>
    </nav>
</config>